Kode Paket	Nama Paket	Tahapan Sekarang	SKPK	Kategori Lelang	Metode Pengadaan	Metode Kualifikasi	Metode Dokumen	Metode Evaluasi	Sumber Dana	Pagu Anggaran	HPS
1196296	Belanja Bahan dan Alat Peraga Kampanye	Lelang sudah selesai	Komisi Independen Pemilihan Kab. Aceh Tengah	Pengadaan Barang	e-Lelang Sederhana	Pascakualifikasi	Satu File	Sistem Gugur	2016 - APBN	Rp 1.370.200.000,00	Rp 1.027.650.000,00	
1194296	PEMELIHARAAN JALAN PAKET I	Lelang sudah selesai	DINAS BINA MARGA	Pekerjaan Konstruksi	e-Lelang Pemilihan Langsung	Pascakualifikasi	Satu File	Sistem Gugur	2016 - APBD	Rp 1.000.000.000,00	Rp 1.000.000.000,00	
1193296	SUVERVISI PENINGKATAN JALAN DAK TAMBAHAN WILAYAH III	Penandatanganan Kontrak	DINAS BINA MARGA	Jasa Konsultansi Badan Usaha	e-Seleksi Sederhana	Pascakualifikasi	Satu File	Pagu Anggaran	2016 - APBD	Rp 62.000.000,00	Rp 62.000.000,00	
1192296	SUVERVISI PENINGKATAN JALAN DAK TAMBAHAN WILAYAH II	Penandatanganan Kontrak	DINAS BINA MARGA	Jasa Konsultansi Badan Usaha	e-Seleksi Sederhana	Pascakualifikasi	Satu File	Pagu Anggaran	2016 - APBD	Rp 63.000.000,00	Rp 63.000.000,00	
1191296	SUVERVISI PENINGKATAN JALAN DAK TAMBAHAN WILAYAH I	Penandatanganan Kontrak	DINAS BINA MARGA	Jasa Konsultansi Badan Usaha	e-Seleksi Sederhana	Pascakualifikasi	Satu File	Pagu Anggaran	2016 - APBD	Rp 75.000.000,00	Rp 75.000.000,00	
1190296	PEMBANGUNAN JALAN SPBU TANSARIL - KANTOR CAMAT BEBESEN	Lelang sudah selesai	DINAS BINA MARGA	Pekerjaan Konstruksi	e-Lelang Pemilihan Langsung	Pascakualifikasi	Satu File	Sistem Gugur	2016 - APBD	Rp 2.500.000.000,00	Rp 2.500.000.000,00	
1188296	SAB KAMPUNG JERATA, GENTING GERBANG DAN MULIE JADI	Lelang sudah selesai	DINAS CIPTA KARYA DAN PENGAIRAN	Pekerjaan Konstruksi	e-Lelang Pemilihan Langsung	Pascakualifikasi	Satu File	Sistem Gugur	2016 - APBD	Rp 712.500.000,00	Rp 712.500.000,00	
1187296	Rehabilitasi Jaringan Irigasi D.I. Remesen Jamur Barat	Lelang sudah selesai	DINAS CIPTA KARYA DAN PENGAIRAN	Pekerjaan Konstruksi	e-Lelang Pemilihan Langsung	Pascakualifikasi	Satu File	Sistem Gugur	2016 - APBD	Rp 640.000.000,00	Rp 640.000.000,00	
1186296	Rehabilitasi Jaringan Irigasi D.I. Bale Bujang	Lelang sudah selesai	DINAS CIPTA KARYA DAN PENGAIRAN	Pekerjaan Konstruksi	e-Lelang Pemilihan Langsung	Pascakualifikasi	Satu File	Sistem Gugur	2016 - APBD	Rp 300.000.000,00	Rp 300.000.000,00	
1185296	Rehabilitasi Jaringan Irigasi D.I. Pestak Tan Saril	Lelang sudah selesai	DINAS CIPTA KARYA DAN PENGAIRAN	Pekerjaan Konstruksi	e-Lelang Pemilihan Langsung	Pascakualifikasi	Satu File	Sistem Gugur	2016 - APBD	Rp 400.000.000,00	Rp 400.000.000,00	
1184296	Rehabilitasi Jaringan Irigasi D.I. Kute Lintang Ujung Gele	Lelang sudah selesai	DINAS CIPTA KARYA DAN PENGAIRAN	Pekerjaan Konstruksi	e-Lelang Pemilihan Langsung	Pascakualifikasi	Satu File	Sistem Gugur	2016 - APBD	Rp 730.000.000,00	Rp 730.000.000,00	
1183296	Rehabilitasi Jaringan Irigasi D.I. Kuyun Uken	Lelang sudah selesai	DINAS CIPTA KARYA DAN PENGAIRAN	Pekerjaan Konstruksi	e-Lelang Pemilihan Langsung	Pascakualifikasi	Satu File	Sistem Gugur	2016 - APBD	Rp 700.000.000,00	Rp 700.000.000,00	
1182296	Rehabilitasi Jaringan Irigasi D.I. Tamak Ayu	Lelang sudah selesai	DINAS CIPTA KARYA DAN PENGAIRAN	Pekerjaan Konstruksi	e-Lelang Pemilihan Langsung	Pascakualifikasi	Satu File	Sistem Gugur	2016 - APBD	Rp 320.000.000,00	Rp 320.000.000,00	
1181296	Rehabilitasi Jaringan Irigasi D.I. Uring	Lelang sudah selesai	DINAS CIPTA KARYA DAN PENGAIRAN	Pekerjaan Konstruksi	e-Lelang Pemilihan Langsung	Pascakualifikasi	Satu File	Sistem Gugur	2016 - APBD	Rp 730.000.000,00	Rp 730.000.000,00	
1180296	Peningkatan Jaringan Irigasi D.I. Gelengung	Lelang sudah selesai	DINAS CIPTA KARYA DAN PENGAIRAN	Pekerjaan Konstruksi	e-Lelang Pemilihan Langsung	Pascakualifikasi	Satu File	Sistem Gugur	2016 - APBD	Rp 409.709.000,00	Rp 409.709.000,00	
1179296	Peningkatan Jaringan Irigasi D.I. Bamil Nosar II	Lelang sudah selesai	DINAS CIPTA KARYA DAN PENGAIRAN	Pekerjaan Konstruksi	e-Lelang Pemilihan Langsung	Pascakualifikasi	Satu File	Sistem Gugur	2016 - APBD	Rp 1.350.000.000,00	Rp 1.350.000.000,00	
1178296	Rehabilitasi Jaringan Irigasi D.I. Bamil Nosar I	Lelang sudah selesai	DINAS CIPTA KARYA DAN PENGAIRAN	Pekerjaan Konstruksi	e-Lelang Pemilihan Langsung	Pascakualifikasi	Satu File	Sistem Gugur	2016 - APBD	Rp 400.000.000,00	Rp 400.000.000,00	
1177296	Rehabilitasi Jaringan Irigasi D.I. Menye Bintang I	Lelang sudah selesai	DINAS CIPTA KARYA DAN PENGAIRAN	Pekerjaan Konstruksi	e-Lelang Pemilihan Langsung	Pascakualifikasi	Satu File	Sistem Gugur	2016 - APBD	Rp 670.000.000,00	Rp 670.000.000,00	
1176296	Rehabilitasi Jaringan Irigasi D.I. Linung Bulen I	Lelang sudah selesai	DINAS CIPTA KARYA DAN PENGAIRAN	Pekerjaan Konstruksi	e-Lelang Pemilihan Langsung	Pascakualifikasi	Satu File	Sistem Gugur	2016 - APBD	Rp 400.000.000,00	Rp 400.000.000,00	
1175296	Rehabilitasi Jaringan Irigasi D.I. Linung Bulen II	Lelang sudah selesai	DINAS CIPTA KARYA DAN PENGAIRAN	Pekerjaan Konstruksi	e-Lelang Pemilihan Langsung	Pascakualifikasi	Satu File	Sistem Gugur	2016 - APBD	Rp 600.000.000,00	Rp 600.000.000,00	
1174296	Peningkatan Jaringan Irigasi D.I. Sp. Kemili Angkup	Lelang sudah selesai	DINAS CIPTA KARYA DAN PENGAIRAN	Pekerjaan Konstruksi	e-Lelang Pemilihan Langsung	Pascakualifikasi	Satu File	Sistem Gugur	2016 - APBD	Rp 600.000.000,00	Rp 600.000.000,00	
1173296	Rehabilitasi Jaringan Irigasi D.I. Rebe Gedung Tami Delem	Lelang sudah selesai	DINAS CIPTA KARYA DAN PENGAIRAN	Pekerjaan Konstruksi	e-Lelang Pemilihan Langsung	Pascakualifikasi	Satu File	Sistem Gugur	2016 - APBD	Rp 470.000.000,00	Rp 470.000.000,00	
1172296	Rehabilitasi Jaringan Irigasi D.I. Kala Rengkih	Lelang sudah selesai	DINAS CIPTA KARYA DAN PENGAIRAN	Pekerjaan Konstruksi	e-Lelang Pemilihan Langsung	Pascakualifikasi	Satu File	Sistem Gugur	2016 - APBD	Rp 420.000.000,00	Rp 420.000.000,00	
1171296	Peningkatan Jaringan Irigasi D.I. Cang Duri	Lelang sudah selesai	DINAS CIPTA KARYA DAN PENGAIRAN	Pekerjaan Konstruksi	e-Lelang Pemilihan Langsung	Pascakualifikasi	Satu File	Sistem Gugur	2016 - APBD	Rp 740.000.000,00	Rp 740.000.000,00	
1170296	Rehabilitasi Jaringan Irigasi D.I. Lentik Pinangan	Lelang sudah selesai	DINAS CIPTA KARYA DAN PENGAIRAN	Pekerjaan Konstruksi	e-Lelang Pemilihan Langsung	Pascakualifikasi	Satu File	Sistem Gugur	2016 - APBD	Rp 400.000.000,00	Rp 400.000.000,00	
1169296	Peningkatan Jaringan Irigasi D.I. Pintu Rime Kenawat	Lelang sudah selesai	DINAS CIPTA KARYA DAN PENGAIRAN	Pekerjaan Konstruksi	e-Lelang Pemilihan Langsung	Pascakualifikasi	Satu File	Sistem Gugur	2016 - APBD	Rp 400.000.000,00	Rp 400.000.000,00	
1168296	Rehabilitasi Jaringan Irigasi D.I. Kala Bintang	Lelang sudah selesai	DINAS CIPTA KARYA DAN PENGAIRAN	Pekerjaan Konstruksi	e-Lelang Pemilihan Langsung	Pascakualifikasi	Satu File	Sistem Gugur	2016 - APBD	Rp 380.000.000,00	Rp 380.000.000,00	
1167296	Peningkatan Jaringan Irigasi D.I. Weih Pinangan (Ume Penarun)	Lelang sudah selesai	DINAS CIPTA KARYA DAN PENGAIRAN	Pekerjaan Konstruksi	e-Lelang Pemilihan Langsung	Pascakualifikasi	Satu File	Sistem Gugur	2016 - APBD	Rp 270.000.000,00	Rp 270.000.000,00	
1166296	Rehabilitasi Jaringan Irigasi D.I. Lelumu	Lelang sudah selesai	DINAS CIPTA KARYA DAN PENGAIRAN	Pekerjaan Konstruksi	e-Lelang Pemilihan Langsung	Pascakualifikasi	Satu File	Sistem Gugur	2016 - APBD	Rp 400.000.000,00	Rp 400.000.000,00	
1165296	Peningkatan Jaringan Irigasi D.I. Berawang Ramung	Lelang sudah selesai	DINAS CIPTA KARYA DAN PENGAIRAN	Pekerjaan Konstruksi	e-Lelang Pemilihan Langsung	Pascakualifikasi	Satu File	Sistem Gugur	2016 - APBD	Rp 510.000.000,00	Rp 510.000.000,00	
1164296	Rehabilitasi Jaringan Irigasi D.I. Genting Bulen Kute Gelime	Lelang sudah selesai	DINAS CIPTA KARYA DAN PENGAIRAN	Pekerjaan Konstruksi	e-Lelang Pemilihan Langsung	Pascakualifikasi	Satu File	Sistem Gugur	2016 - APBD	Rp 400.000.000,00	Rp 400.000.000,00	
1163296	Rehabilitasi Jaringan Irigasi D.I. Weih Ni Duren	Lelang sudah selesai	DINAS CIPTA KARYA DAN PENGAIRAN	Pekerjaan Konstruksi	e-Lelang Pemilihan Langsung	Pascakualifikasi	Satu File	Sistem Gugur	2016 - APBD	Rp 800.000.000,00	Rp 800.000.000,00	
1162296	Rehabilitasi Jaringan Irigasi D.I Berawang Gading	Lelang sudah selesai	DINAS CIPTA KARYA DAN PENGAIRAN	Pekerjaan Konstruksi	e-Lelang Pemilihan Langsung	Pascakualifikasi	Satu File	Sistem Gugur	2016 - APBD	Rp 830.000.000,00	Rp 830.000.000,00	
1161296	Peningkatan Jaringan Irigasi D.I. Wieh Renggali	Lelang sudah selesai	DINAS CIPTA KARYA DAN PENGAIRAN	Pekerjaan Konstruksi	e-Lelang Pemilihan Langsung	Pascakualifikasi	Satu File	Sistem Gugur	2016 - APBD	Rp 700.000.000,00	Rp 700.000.000,00	
1160296	Rehabilitasi Jaringan Irigasi D.I. Kuyun Paya Dedep	Lelang sudah selesai	DINAS CIPTA KARYA DAN PENGAIRAN	Pekerjaan Konstruksi	e-Lelang Pemilihan Langsung	Pascakualifikasi	Satu File	Sistem Gugur	2016 - APBD	Rp 690.000.000,00	Rp 690.000.000,00	
1159296	Rehabilitasi Jaringan Irigasi D.I. Tebes Lues Kuyun	Lelang sudah selesai	DINAS CIPTA KARYA DAN PENGAIRAN	Pekerjaan Konstruksi	e-Lelang Pemilihan Langsung	Pascakualifikasi	Satu File	Sistem Gugur	2016 - APBD	Rp 450.000.000,00	Rp 450.000.000,00	
1158296	Rehabilitasi Jaringan Irigasi D.I. Kute Dah Isaq di Kp. Gading	Lelang sudah selesai	DINAS CIPTA KARYA DAN PENGAIRAN	Pekerjaan Konstruksi	e-Lelang Pemilihan Langsung	Pascakualifikasi	Satu File	Sistem Gugur	2016 - APBD	Rp 690.000.000,00	Rp 690.000.000,00	
1157296	Peningkatan Jaringan Irigasi D.I. Kerpap	Lelang sudah selesai	DINAS CIPTA KARYA DAN PENGAIRAN	Pekerjaan Konstruksi	e-Lelang Pemilihan Langsung	Pascakualifikasi	Satu File	Sistem Gugur	2016 - APBD	Rp 1.200.000.000,00	Rp 1.200.000.000,00	
1156296	Peningkatan Jaringan Irigasi D.I. Bewang	Lelang sudah selesai	DINAS CIPTA KARYA DAN PENGAIRAN	Pekerjaan Konstruksi	e-Lelang Pemilihan Langsung	Pascakualifikasi	Satu File	Sistem Gugur	2016 - APBD	Rp 750.000.000,00	Rp 750.000.000,00	
1155296	Rehabilitasi  Jaringan Irigasi D.I. Lumut	Lelang sudah selesai	DINAS CIPTA KARYA DAN PENGAIRAN	Pekerjaan Konstruksi	e-Lelang Pemilihan Langsung	Pascakualifikasi	Satu File	Sistem Gugur	2016 - APBD	Rp 430.000.000,00	Rp 430.000.000,00	
1154296	Rehabilitasi Jaringan Irigasi D.I. Kede Lah	Lelang sudah selesai	DINAS CIPTA KARYA DAN PENGAIRAN	Pekerjaan Konstruksi	e-Lelang Pemilihan Langsung	Pascakualifikasi	Satu File	Sistem Gugur	2016 - APBD	Rp 750.000.000,00	Rp 750.000.000,00	
1153296	Peningkatan Jaringan Irigasi D.I. Genting Gerbang	Lelang sudah selesai	DINAS CIPTA KARYA DAN PENGAIRAN	Pekerjaan Konstruksi	e-Lelang Pemilihan Langsung	Pascakualifikasi	Satu File	Sistem Gugur	2016 - APBD	Rp 700.000.000,00	Rp 700.000.000,00	
1152296	Rehabilitasi Jaringan Irigasi D.I. Waq	Lelang sudah selesai	DINAS CIPTA KARYA DAN PENGAIRAN	Pekerjaan Konstruksi	e-Lelang Pemilihan Langsung	Pascakualifikasi	Satu File	Sistem Gugur	2016 - APBD	Rp 600.000.000,00	Rp 600.000.000,00	
1151296	Peningkatan Jaringan Irigasi D.I. Kute Robel	Lelang sudah selesai	DINAS CIPTA KARYA DAN PENGAIRAN	Pekerjaan Konstruksi	e-Lelang Pemilihan Langsung	Pascakualifikasi	Satu File	Sistem Gugur	2016 - APBD	Rp 700.000.000,00	Rp 700.000.000,00	
1150296	Rehabilitasi Jaringan Irigasi D.I. Gewat / Mungkur	Lelang sudah selesai	DINAS CIPTA KARYA DAN PENGAIRAN	Pekerjaan Konstruksi	e-Lelang Pemilihan Langsung	Pascakualifikasi	Satu File	Sistem Gugur	2016 - APBD	Rp 650.000.000,00	Rp 650.000.000,00	
1149296	Peningkatan Jaringan Irigasi D.I. Blang Kekumur	Lelang sudah selesai	DINAS CIPTA KARYA DAN PENGAIRAN	Pekerjaan Konstruksi	e-Lelang Pemilihan Langsung	Pascakualifikasi	Satu File	Sistem Gugur	2016 - APBD	Rp 700.000.000,00	Rp 700.000.000,00	
1148296	Peningkatan Jaringan Irigasi D.I. Gele Rau	Lelang sudah selesai	DINAS CIPTA KARYA DAN PENGAIRAN	Pekerjaan Konstruksi	e-Lelang Pemilihan Langsung	Pascakualifikasi	Satu File	Sistem Gugur	2016 - APBD	Rp 700.000.000,00	Rp 700.000.000,00	
1147296	Rehabilitasi Jaringan Irigasi D.I. Perak Ringit	Lelang sudah selesai	DINAS CIPTA KARYA DAN PENGAIRAN	Pekerjaan Konstruksi	e-Lelang Pemilihan Langsung	Pascakualifikasi	Satu File	Sistem Gugur	2016 - APBD	Rp 800.000.000,00	Rp 800.000.000,00	
1146296	Rehabilitasi Jaringan Irigasi D.I. Kala Mampak	Lelang sudah selesai	DINAS CIPTA KARYA DAN PENGAIRAN	Pekerjaan Konstruksi	e-Lelang Pemilihan Langsung	Pascakualifikasi	Satu File	Sistem Gugur	2016 - APBD	Rp 1.400.000.000,00	Rp 1.400.000.000,00	
1145296	Peningkatan Jaringan Irigasi D.I. Paya Kolak	Lelang sudah selesai	DINAS CIPTA KARYA DAN PENGAIRAN	Pekerjaan Konstruksi	e-Lelang Pemilihan Langsung	Pascakualifikasi	Satu File	Sistem Gugur	2016 - APBD	Rp 1.100.000.000,00	Rp 1.100.000.000,00	
1144296	Rehabilitasi Jaringan Irigasi D.I. Arul Item	Lelang sudah selesai	DINAS CIPTA KARYA DAN PENGAIRAN	Pekerjaan Konstruksi	e-Lelang Pemilihan Langsung	Pascakualifikasi	Satu File	Sistem Gugur	2016 - APBD	Rp 500.000.000,00	Rp 500.000.000,00	
1143296	Rehabilitasi Jaringan Irigasi D.I. Ayangan	Lelang sudah selesai	DINAS CIPTA KARYA DAN PENGAIRAN	Pekerjaan Konstruksi	e-Lelang Pemilihan Langsung	Pascakualifikasi	Satu File	Sistem Gugur	2016 - APBD	Rp 700.000.000,00	Rp 700.000.000,00	
1142296	Peningkatan Jaringan Irigasi D.I. Kute Lintang	Lelang sudah selesai	DINAS CIPTA KARYA DAN PENGAIRAN	Pekerjaan Konstruksi	e-Lelang Pemilihan Langsung	Pascakualifikasi	Satu File	Sistem Gugur	2016 - APBD	Rp 1.750.000.000,00	Rp 1.750.000.000,00	
1141296	Peningkatan Jaringan Irigasi D.I. Bah	Lelang sudah selesai	DINAS CIPTA KARYA DAN PENGAIRAN	Pekerjaan Konstruksi	e-Lelang Pemilihan Langsung	Pascakualifikasi	Satu File	Sistem Gugur	2016 - APBD	Rp 1.250.000.000,00	Rp 1.250.000.000,00	
1140296	Rehabilitasi Jaringan Irigasi D.I. Singke Paya Kude	Lelang sudah selesai	DINAS CIPTA KARYA DAN PENGAIRAN	Pekerjaan Konstruksi	e-Lelang Pemilihan Langsung	Pascakualifikasi	Satu File	Sistem Gugur	2016 - APBD	Rp 1.000.000.000,00	Rp 1.000.000.000,00	
1139296	Peningkatan Jaringan Irigasi D.I. Daling	Lelang sudah selesai	DINAS CIPTA KARYA DAN PENGAIRAN	Pekerjaan Konstruksi	e-Lelang Pemilihan Langsung	Pascakualifikasi	Satu File	Sistem Gugur	2016 - APBD	Rp 1.300.000.000,00	Rp 1.300.000.000,00	
1138296	Rehabilitasi Jaringan Irigasi D.I. Celala	Lelang sudah selesai	DINAS CIPTA KARYA DAN PENGAIRAN	Pekerjaan Konstruksi	e-Lelang Pemilihan Langsung	Pascakualifikasi	Satu File	Sistem Gugur	2016 - APBD	Rp 1.100.000.000,00	Rp 1.100.000.000,00	
1137296	Rehabilitasi Jaringan Irigasi D.I. Atu Terbang Toweren	Lelang sudah selesai	DINAS CIPTA KARYA DAN PENGAIRAN	Pekerjaan Konstruksi	e-Lelang Pemilihan Langsung	Pascakualifikasi	Satu File	Sistem Gugur	2016 - APBD	Rp 1.400.000.000,00	Rp 1.400.000.000,00	
1136296	Peningkatan Jaringan Irigasi D.I. Kulem Balik	Lelang sudah selesai	DINAS CIPTA KARYA DAN PENGAIRAN	Pekerjaan Konstruksi	e-Lelang Pemilihan Langsung	Pascakualifikasi	Satu File	Sistem Gugur	2016 - APBD	Rp 1.450.000.000,00	Rp 1.450.000.000,00	
1135296	Rehabilitasi Jaringan Irigasi D.I. Rutih	Lelang sudah selesai	DINAS CIPTA KARYA DAN PENGAIRAN	Pekerjaan Konstruksi	e-Lelang Pemilihan Langsung	Pascakualifikasi	Satu File	Sistem Gugur	2016 - APBD	Rp 1.250.000.000,00	Rp 1.250.000.000,00	
1134296	Peningkatan Jaringan Irigasi D.I. Paya Bekelah	Lelang sudah selesai	DINAS CIPTA KARYA DAN PENGAIRAN	Pekerjaan Konstruksi	e-Lelang Pemilihan Langsung	Pascakualifikasi	Satu File	Sistem Gugur	2016 - APBD	Rp 1.650.000.000,00	Rp 1.650.000.000,00	
1133296	Peningkatan Jaringan Irigasi D.I. Jelobok Kung	Lelang sudah selesai	DINAS CIPTA KARYA DAN PENGAIRAN	Pekerjaan Konstruksi	e-Lelang Pemilihan Langsung	Pascakualifikasi	Satu File	Sistem Gugur	2016 - APBD	Rp 1.700.000.000,00	Rp 1.700.000.000,00	
1132296	Peningkatan Jaringan Irigasi D.I. Bewak	Lelang sudah selesai	DINAS CIPTA KARYA DAN PENGAIRAN	Pekerjaan Konstruksi	e-Lelang Pemilihan Langsung	Pascakualifikasi	Satu File	Sistem Gugur	2016 - APBD	Rp 1.350.000.000,00	Rp 1.350.000.000,00	
1131296	Peningkatan Jaringan Irigasi D.I. Wieh Lah Gele Lungi	Lelang sudah selesai	DINAS CIPTA KARYA DAN PENGAIRAN	Pekerjaan Konstruksi	e-Lelang Pemilihan Langsung	Pascakualifikasi	Satu File	Sistem Gugur	2016 - APBD	Rp 1.630.000.000,00	Rp 1.630.000.000,00	
1130296	Peningkatan Jaringan Irigasi D.I. Tamak Lelabu	Lelang sudah selesai	DINAS CIPTA KARYA DAN PENGAIRAN	Pekerjaan Konstruksi	e-Lelang Pemilihan Langsung	Pascakualifikasi	Satu File	Sistem Gugur	2016 - APBD	Rp 1.250.000.000,00	Rp 1.250.000.000,00	
1129296	Rehabilitasi Jaringan Irigasi D.I. Terang Ulen	Lelang sudah selesai	DINAS CIPTA KARYA DAN PENGAIRAN	Pekerjaan Konstruksi	e-Lelang Pemilihan Langsung	Pascakualifikasi	Satu File	Sistem Gugur	2016 - APBD	Rp 1.400.000.000,00	Rp 1.400.000.000,00	
1128296	Peningkatan Jaringan Irigasi D.I. Paya Reje	Lelang sudah selesai	DINAS CIPTA KARYA DAN PENGAIRAN	Pekerjaan Konstruksi	e-Lelang Pemilihan Langsung	Pascakualifikasi	Satu File	Sistem Gugur	2016 - APBD	Rp 1.400.000.000,00	Rp 1.400.000.000,00	
1127296	Peningkatan Jaringan Irigasi D.I. Berawang Kenil	Lelang sudah selesai	DINAS CIPTA KARYA DAN PENGAIRAN	Pekerjaan Konstruksi	e-Lelang Pemilihan Langsung	Pascakualifikasi	Satu File	Sistem Gugur	2016 - APBD	Rp 1.700.000.000,00	Rp 1.700.000.000,00	
1126296	Peningkatan Jaringan Irigasi D.I. Lukup Lungi	Lelang sudah selesai	DINAS CIPTA KARYA DAN PENGAIRAN	Pekerjaan Konstruksi	e-Lelang Pemilihan Langsung	Pascakualifikasi	Satu File	Sistem Gugur	2016 - APBD	Rp 1.950.000.000,00	Rp 1.950.000.000,00	
1125296	Rehabilitasi Jaringan Irigasi D.I. Tebuk	Lelang sudah selesai	DINAS CIPTA KARYA DAN PENGAIRAN	Pekerjaan Konstruksi	e-Lelang Pemilihan Langsung	Pascakualifikasi	Satu File	Sistem Gugur	2016 - APBD	Rp 950.000.000,00	Rp 950.000.000,00	
1124296	Peningkatan Jaringan Irigasi D.I. Luang	Lelang sudah selesai	DINAS CIPTA KARYA DAN PENGAIRAN	Pekerjaan Konstruksi	e-Lelang Pemilihan Langsung	Pascakualifikasi	Satu File	Sistem Gugur	2016 - APBD	Rp 1.750.000.000,00	Rp 1.750.000.000,00	
1123296	Peningkatan Jaringan Irigasi D.I. Genuren	Lelang sudah selesai	DINAS CIPTA KARYA DAN PENGAIRAN	Pekerjaan Konstruksi	e-Lelang Pemilihan Langsung	Pascakualifikasi	Satu File	Sistem Gugur	2016 - APBD	Rp 680.000.000,00	Rp 680.000.000,00	
1122296	Rehabilitasi Jaringan Irigasi D.I. Paya Beke	Lelang sudah selesai	DINAS CIPTA KARYA DAN PENGAIRAN	Pekerjaan Konstruksi	e-Lelang Pemilihan Langsung	Pascakualifikasi	Satu File	Sistem Gugur	2016 - APBD	Rp 900.000.000,00	Rp 900.000.000,00	
1121296	Pengadaan Pembangunan Gedung Kantor BP3K Kecamatan Pegasing	Lelang sudah selesai	BADAN PENYULUHAN DAN KETAHANAN PANGAN KAB. ACEH TENGAH	Pekerjaan Konstruksi	e-Lelang Pemilihan Langsung	Pascakualifikasi	Satu File	Sistem Gugur	2016 - APBD	Rp 596.480.062,00	Rp 596.480.000,00	
1120296	Pembangunan Gedung Kantor BP3K Kecamatan Silih Nara	Lelang sudah selesai	BADAN PENYULUHAN DAN KETAHANAN PANGAN KAB. ACEH TENGAH	Pekerjaan Konstruksi	e-Lelang Pemilihan Langsung	Pascakualifikasi	Satu File	Sistem Gugur	2016 - APBD	Rp 596.480.062,00	Rp 596.480.000,00	
1118296	Pembangunan Dam Parit Kampung Semelit Kecamatan Ketol	Lelang sudah selesai	DINAS PERTANIAN TANAMAN PANGAN	Pekerjaan Konstruksi	e-Lelang Pemilihan Langsung	Pascakualifikasi	Satu File	Sistem Gugur	2016 - APBD	Rp 385.923.513,00	Rp 385.923.513,00	
1117296	PEMELIHARAAN JALAN PAKET X	Lelang sudah selesai	DINAS BINA MARGA	Pekerjaan Konstruksi	e-Lelang Pemilihan Langsung	Pascakualifikasi	Satu File	Sistem Gugur	2016 - APBD	Rp 1.008.429.000,00	Rp 1.008.429.000,00	
1116296	PEMELIHARAAN JALAN PAKET IX	Lelang sudah selesai	DINAS BINA MARGA	Pekerjaan Konstruksi	e-Lelang Pemilihan Langsung	Pascakualifikasi	Satu File	Sistem Gugur	2016 - APBD	Rp 1.000.000.000,00	Rp 1.000.000.000,00	
1115296	PEMELIHARAAN JALAN PAKET VIII	Lelang sudah selesai	DINAS BINA MARGA	Pekerjaan Konstruksi	e-Lelang Pemilihan Langsung	Pascakualifikasi	Satu File	Sistem Gugur	2016 - APBD	Rp 1.000.000.000,00	Rp 1.000.000.000,00	
1114296	PEMELIHARAAN JALAN PAKET VII	Lelang sudah selesai	DINAS BINA MARGA	Pekerjaan Konstruksi	e-Lelang Pemilihan Langsung	Pascakualifikasi	Satu File	Sistem Gugur	2016 - APBD	Rp 1.000.000.000,00	Rp 1.000.000.000,00	
1113296	PEMELIHARAAN JALAN PAKET VI	Lelang sudah selesai	DINAS BINA MARGA	Pekerjaan Konstruksi	e-Lelang Pemilihan Langsung	Pascakualifikasi	Satu File	Sistem Gugur	2016 - APBD	Rp 1.000.000.000,00	Rp 1.000.000.000,00	
1112296	PEMELIHARAAN JALAN PAKET V	Lelang sudah selesai	DINAS BINA MARGA	Pekerjaan Konstruksi	e-Lelang Pemilihan Langsung	Pascakualifikasi	Satu File	Sistem Gugur	2016 - APBD	Rp 1.000.000.000,00	Rp 1.000.000.000,00	
1111296	PEMELIHARAAN JALAN PAKET IV	Lelang sudah selesai	DINAS BINA MARGA	Pekerjaan Konstruksi	e-Lelang Pemilihan Langsung	Pascakualifikasi	Satu File	Sistem Gugur	2016 - APBD	Rp 1.000.000.000,00	Rp 1.000.000.000,00	
1110296	PEMELIHARAAN JALAN PAKET III	Lelang sudah selesai	DINAS BINA MARGA	Pekerjaan Konstruksi	e-Lelang Pemilihan Langsung	Pascakualifikasi	Satu File	Sistem Gugur	2016 - APBD	Rp 1.000.000.000,00	Rp 1.000.000.000,00	
1109296	PEMELIHARAAN JALAN PAKET II	Lelang sudah selesai	DINAS BINA MARGA	Pekerjaan Konstruksi	e-Lelang Pemilihan Langsung	Pascakualifikasi	Satu File	Sistem Gugur	2016 - APBD	Rp 1.000.000.000,00	Rp 1.000.000.000,00	
1107296	PENINGKATAN JALAN SP. BUTER - BUTER DALAM	Lelang sudah selesai	DINAS BINA MARGA	Pekerjaan Konstruksi	e-Lelang Pemilihan Langsung	Pascakualifikasi	Satu File	Sistem Gugur	2016 - APBD	Rp 1.000.000.000,00	Rp 1.000.000.000,00	
1106296	PENINGKATAN JALAN PUSKESMAS BEBESEN - PETOR	Lelang sudah selesai	DINAS BINA MARGA	Pekerjaan Konstruksi	e-Lelang Pemilihan Langsung	Pascakualifikasi	Satu File	Sistem Gugur	2016 - APBD	Rp 1.000.000.000,00	Rp 1.000.000.000,00	
1105296	PENINGKATAN JALAN REMESEN - ARUL GELE B	Lelang sudah selesai	DINAS BINA MARGA	Pekerjaan Konstruksi	e-Lelang Pemilihan Langsung	Pascakualifikasi	Satu File	Sistem Gugur	2016 - APBD	Rp 1.500.000.000,00	Rp 1.500.000.000,00	
1104296	PENINGKATAN JALAN JINGKI GAYO - PETOR	Lelang sudah selesai	DINAS BINA MARGA	Pekerjaan Konstruksi	e-Lelang Pemilihan Langsung	Pascakualifikasi	Satu File	Sistem Gugur	2016 - APBD	Rp 1.000.000.000,00	Rp 1.000.000.000,00	
1103296	PENINGKATAN JALAN BLANG PAKU (BATAS BENER MERIAH) - BUTER	Lelang sudah selesai	DINAS BINA MARGA	Pekerjaan Konstruksi	e-Lelang Pemilihan Langsung	Pascakualifikasi	Satu File	Sistem Gugur	2016 - APBD	Rp 1.000.000.000,00	Rp 1.000.000.000,00	
1102296	PENINGKATAN JALAN SP. ARUL BADAK - ARUL BADAK	Lelang sudah selesai	DINAS BINA MARGA	Pekerjaan Konstruksi	e-Lelang Pemilihan Langsung	Pascakualifikasi	Satu File	Sistem Gugur	2016 - APBD	Rp 2.000.000.000,00	Rp 2.000.000.000,00	
1101296	PENINGKATAN JALAN WAQ KALA ILI - JAMAT	Lelang sudah selesai	DINAS BINA MARGA	Pekerjaan Konstruksi	e-Lelang Pemilihan Langsung	Pascakualifikasi	Satu File	Sistem Gugur	2016 - APBD	Rp 2.500.000.000,00	Rp 2.500.000.000,00	
1100296	PENINGKATAN JALAN DAMAR MULIO - KEPALA AKAL	Lelang sudah selesai	DINAS BINA MARGA	Pekerjaan Konstruksi	e-Lelang Pemilihan Langsung	Pascakualifikasi	Satu File	Sistem Gugur	2016 - APBD	Rp 3.000.000.000,00	Rp 3.000.000.000,00	
1099296	PENINGKATAN JALAN BLANG GELE - SADONG	Lelang sudah selesai	DINAS BINA MARGA	Pekerjaan Konstruksi	e-Lelang Pemilihan Langsung	Pascakualifikasi	Satu File	Sistem Gugur	2016 - APBD	Rp 2.500.000.000,00	Rp 2.500.000.000,00	
1098296	PENINGKATAN JALAN SP. PANTAN MUSARA - PANTAN MUSARA	Lelang sudah selesai	DINAS BINA MARGA	Pekerjaan Konstruksi	e-Lelang Pemilihan Langsung	Pascakualifikasi	Satu File	Sistem Gugur	2016 - APBD	Rp 4.000.000.000,00	Rp 4.000.000.000,00	
1097296	PENINGKATAN JALAN LINGKAR PAYA ILANG	Lelang sudah selesai	DINAS BINA MARGA	Pekerjaan Konstruksi	e-Lelang Pemilihan Langsung	Pascakualifikasi	Satu File	Sistem Gugur	2016 - APBD	Rp 1.500.000.000,00	Rp 1.500.000.000,00	
1095296	PENINGKATAN JALAN BERGANG - KEKUYANG	Lelang sudah selesai	DINAS BINA MARGA	Pekerjaan Konstruksi	e-Lelang Pemilihan Langsung	Pascakualifikasi	Satu File	Sistem Gugur	2016 - APBD	Rp 5.000.000.000,00	Rp 5.000.000.000,00	
1094296	PENINGKATAN JALAN GELUMPANG PAYUNG - PONDOK BALIQ	Penandatanganan Kontrak	DINAS BINA MARGA	Pekerjaan Konstruksi	e-Lelang Umum	Pascakualifikasi	Satu File	Sistem Gugur	2016 - APBD	Rp 6.450.000.000,00	Rp 6.450.000.000,00	
1093296	PENINGKATAN JALAN GEGARANG - BERAWANG DEWAL	Penandatanganan Kontrak	DINAS BINA MARGA	Pekerjaan Konstruksi	e-Lelang Umum	Pascakualifikasi	Satu File	Sistem Gugur	2016 - APBD	Rp 10.400.000.000,00	Rp 10.400.000.000,00	
1092296	PENINGKATAN JALAN TENSARAN - PANTAN SILE	Penandatanganan Kontrak	DINAS BINA MARGA	Pekerjaan Konstruksi	e-Lelang Umum	Pascakualifikasi	Satu File	Sistem Gugur	2016 - APBD	Rp 10.000.000.000,00	Rp 10.000.000.000,00	
1091296	Pengadaan Mobiler Ruang Kelas SD (OTSUS)	Lelang sudah selesai	DINAS PENDIDIKAN	Pengadaan Barang	e-Lelang Sederhana	Pascakualifikasi	Satu File	Sistem Gugur	2016 - APBD	Rp 335.200.000,00	Rp 334.268.000,00	
1090296	Pengadaan Proyektor (OTSUS)	Lelang sudah selesai	DINAS PENDIDIKAN	Pengadaan Barang	e-Lelang Sederhana	Pascakualifikasi	Satu File	Sistem Gugur	2016 - APBD	Rp 510.000.000,00	Rp 510.000.000,00	
1089296	Pengadaan dan Pemasangan Rambu-Rambu Lalu Lintas	Lelang sudah selesai	DISHUBKOMINFO	Pengadaan Barang	e-Lelang Sederhana	Pascakualifikasi	Satu File	Sistem Gugur	2016 - APBD	Rp 289.512.000,00	Rp 289.512.000,00	
1088296	Pengadaan Peralatan Laboratorium SMA (Sisa DAK 2015)	Lelang sudah selesai	DINAS PENDIDIKAN	Pengadaan Barang	e-Lelang Sederhana	Pascakualifikasi	Satu File	Sistem Gugur	2016 - APBD	Rp 600.000.000,00	Rp 600.000.000,00	
1085296	Pengadaan Buku-Buku Koleksi Perpustakaan Sekolah SD (DAK Reguler)	Lelang sudah selesai	DINAS PENDIDIKAN	Pengadaan Barang	e-Lelang Sederhana	Pascakualifikasi	Satu File	Sistem Gugur	2016 - APBD	Rp 300.000.000,00	Rp 299.120.000,00	
1084296	Pengadaan Peralatan Media Pendidikan SD (Laptop, Proyektor dan Screen) DAK Reguler	Lelang sudah selesai	DINAS PENDIDIKAN	Pengadaan Barang	e-Lelang Sederhana	Pascakualifikasi	Satu File	Sistem Gugur	2016 - APBD	Rp 1.100.000.000,00	Rp 1.099.186.000,00	
1083296	Pengadaan Mobiler Ruang Kelas Baru Tingkat SD (DAK Reguler)	Lelang sudah selesai	DINAS PENDIDIKAN	Pengadaan Barang	e-Lelang Sederhana	Pascakualifikasi	Satu File	Sistem Gugur	2016 - APBD	Rp 414.084.306,00	Rp 412.989.000,00	
1082296	Pengadaan Kitab Kuning (Otsus)	Lelang sudah selesai	KANTOR PEMBINAAN PENDIDIKAN DAYAH	Pengadaan Barang	e-Lelang Sederhana	Pascakualifikasi	Satu File	Sistem Gugur	2016 - APBD	Rp 400.000.000,00	Rp 400.000.000,00	
1081296	Pembuatan Bangunan  Penguat Tebing/Turap Pencegah Longsor	Lelang sudah selesai	BADAN LINGKUNGAN HIDUP, KEBERSIHAN DAN PERTAMANAN KAB. ACEH TENGAH	Pekerjaan Konstruksi	e-Lelang Pemilihan Langsung	Pascakualifikasi	Satu File	Sistem Gugur	2016 - APBD	Rp 377.000.000,00	Rp 377.000.000,00	
1080296	Pengadaan Jasa Konsultansi Perencanaan Sistem Informasi Geospasial Berbasiskan Web	Lelang sudah selesai	BADAN PERENCANAAN  PEMBANGUNAN DAERAH	Jasa Konsultansi Badan Usaha	e-Seleksi Umum	Prakualifikasi	Dua File	Kualitas dan Biaya	2016 - APBD	Rp 400.000.000,00	Rp 400.000.000,00	
1076296	Perencanaan Teknis Pembangunan Gedung Media Center Aceh Tengah	Lelang sudah selesai	BADAN PERENCANAAN  PEMBANGUNAN DAERAH	Jasa Konsultansi Badan Usaha	e-Seleksi Sederhana	Pascakualifikasi	Satu File	Pagu Anggaran	2016 - APBD	Rp 193.000.000,00	Rp 193.000.000,00	
1074296	Biaya makanan dan minuman (Jadup) petani ternak Ketapang III	Lelang sudah selesai	DINAS PETERNAKAN DAN PERIKANAN KAB. ACEH TENGAH	Pengadaan Barang	e-Lelang Sederhana	Pascakualifikasi	Satu File	Sistem Gugur	2016 - APBD	Rp 585.000.000,00	Rp 585.000.000,00	
1073296	Pengadaan Bibit Tanaman Pembuatan Reboisasi	Lelang sudah selesai	DINAS PERKEBUNAN DAN KEHUTANAN	Pengadaan Barang	e-Lelang Sederhana	Pascakualifikasi	Satu File	Sistem Gugur	2016 - APBD	Rp 297.750.000,00	Rp 297.539.500,00	
1072296	Belanja barang peralatan/obat-obatan tanaman/pupuk untuk petani	Lelang sudah selesai	DINAS PERKEBUNAN DAN KEHUTANAN	Pengadaan Barang	e-Lelang Sederhana	Pascakualifikasi	Satu File	Sistem Gugur	2016 - APBD	Rp 346.650.000,00	Rp 346.650.000,00	
1071296	Pembangunan Gedung BP3K Kecamatan Bebesen (Otsus)	Lelang sudah selesai	BADAN PENYULUHAN DAN KETAHANAN PANGAN KAB. ACEH TENGAH	Pekerjaan Konstruksi	e-Lelang Pemilihan Langsung	Pascakualifikasi	Satu File	Sistem Gugur	2016 - APBD	Rp 679.000.000,00	Rp 678.993.000,00	
1070296	Rehabilitasi/Renovasi Rumah Pemotongan Hewan BBI Lukup Badak (DAK Reguler)	Lelang sudah selesai	DINAS PETERNAKAN DAN PERIKANAN KAB. ACEH TENGAH	Pekerjaan Konstruksi	e-Lelang Pemilihan Langsung	Pascakualifikasi	Satu File	Sistem Gugur	2016 - APBD	Rp 430.000.000,00	Rp 430.000.000,00	
1069296	Rehabilitasi Instalasi Farmasi Kabupaten (DAK FARMASI)	Lelang sudah selesai	DINAS KESEHATAN KAB. ACEH TENGAH	Pekerjaan Konstruksi	e-Lelang Pemilihan Langsung	Pascakualifikasi	Satu File	Sistem Gugur	2016 - APBD	Rp 1.550.000.000,00	Rp 1.550.000.000,00	
1067296	Belanja Pengadaan Jaringan Sistem Informasi Pelayanan Terpadu	Lelang sudah selesai	BADAN PENANAMAN MODAL DAN PELAYANAN TERPADU SATU PINTU	Jasa Konsultansi Badan Usaha	e-Seleksi Sederhana	Pascakualifikasi	Satu File	Pagu Anggaran	2016 - APBD	Rp 150.000.000,00	Rp 150.000.000,00	
1066296	Rehabilitasi Puskesmas Linge (DAK)	Lelang sudah selesai	DINAS KESEHATAN KAB. ACEH TENGAH	Pekerjaan Konstruksi	e-Lelang Pemilihan Langsung	Pascakualifikasi	Satu File	Sistem Gugur	2016 - APBD	Rp 845.000.000,00	Rp 845.000.000,00	
1065296	Rehabilitasi Puskesmas Silih Nara (DAK)	Lelang sudah selesai	DINAS KESEHATAN KAB. ACEH TENGAH	Pekerjaan Konstruksi	e-Lelang Pemilihan Langsung	Pascakualifikasi	Satu File	Sistem Gugur	2016 - APBD	Rp 390.220.000,00	Rp 390.220.000,00	
1064296	Rehabilitasi Puskesmas Bintang (DAK)	Lelang sudah selesai	DINAS KESEHATAN KAB. ACEH TENGAH	Pekerjaan Konstruksi	e-Lelang Pemilihan Langsung	Pascakualifikasi	Satu File	Sistem Gugur	2016 - APBD	Rp 315.437.000,00	Rp 315.437.000,00	
1063296	Perluasan Bangunan Gedung Instalasi Farmasi Kabupaten	Lelang sudah selesai	DINAS KESEHATAN KAB. ACEH TENGAH	Pekerjaan Konstruksi	e-Lelang Pemilihan Langsung	Pascakualifikasi	Satu File	Sistem Gugur	2016 - APBD	Rp 1.060.037.105,00	Rp 1.060.037.105,00	
1061296	Pembangunan  Aula Puskesmas Kute Panang (DAK)	Lelang sudah selesai	DINAS KESEHATAN KAB. ACEH TENGAH	Pekerjaan Konstruksi	e-Lelang Pemilihan Langsung	Pascakualifikasi	Satu File	Sistem Gugur	2016 - APBD	Rp 600.000.000,00	Rp 600.000.000,00	
1060296	Pembangunan Rumah Dinas Paramedis Puskesmas Jagong (DAK)	Lelang sudah selesai	DINAS KESEHATAN KAB. ACEH TENGAH	Pekerjaan Konstruksi	e-Lelang Pemilihan Langsung	Pascakualifikasi	Satu File	Sistem Gugur	2016 - APBD	Rp 582.198.000,00	Rp 582.198.000,00	
1059296	Pembangunan Ruang Rawat Inap Puskesmas Celala (DAK)	Lelang sudah selesai	DINAS KESEHATAN KAB. ACEH TENGAH	Pekerjaan Konstruksi	e-Lelang Pemilihan Langsung	Pascakualifikasi	Satu File	Sistem Gugur	2016 - APBD	Rp 1.538.751.000,00	Rp 1.538.751.000,00	
1058296	Pembangunan Puskesmas Kekuyang (DAK)	Lelang sudah selesai	DINAS KESEHATAN KAB. ACEH TENGAH	Pekerjaan Konstruksi	e-Lelang Pemilihan Langsung	Pascakualifikasi	Satu File	Sistem Gugur	2016 - APBD	Rp 4.520.000.000,00	Rp 4.520.000.000,00	
1057296	Rekonstruksi Jalan Atu Gajah - Wih Durin Asal	Lelang sudah selesai	BADAN PENANGGULANGAN BENCANA DAERAH	Pekerjaan Konstruksi	e-Lelang Pemilihan Langsung	Pascakualifikasi	Satu File	Sistem Gugur	2016 - APBD	Rp 3.675.000.000,00	Rp 3.675.000.000,00	
1056296	Rekonstruksi Jalan Simpang Wih Nongkal - Wih Nongkal	Lelang sudah selesai	BADAN PENANGGULANGAN BENCANA DAERAH	Pekerjaan Konstruksi	e-Lelang Pemilihan Langsung	Pascakualifikasi	Satu File	Sistem Gugur	2016 - APBD	Rp 2.200.000.000,00	Rp 2.200.000.000,00	
1055296	Rekonstruksi Jalan Jaluk - Tapak Moge	Lelang sudah selesai	BADAN PENANGGULANGAN BENCANA DAERAH	Pekerjaan Konstruksi	e-Lelang Pemilihan Langsung	Pascakualifikasi	Satu File	Sistem Gugur	2016 - APBD	Rp 2.640.000.000,00	Rp 2.640.000.000,00	
1054296	Rekonstruksi Jalan Gelumpang Payung - Pondok Balik	Lelang sudah selesai	BADAN PENANGGULANGAN BENCANA DAERAH	Pekerjaan Konstruksi	e-Lelang Pemilihan Langsung	Pascakualifikasi	Satu File	Sistem Gugur	2016 - APBD	Rp 3.170.000.000,00	Rp 3.170.000.000,00	
1053296	Rekonstruksi Jalan Cang Duri - Jerata (Lanjutan)	Lelang sudah selesai	BADAN PENANGGULANGAN BENCANA DAERAH	Pekerjaan Konstruksi	e-Lelang Pemilihan Langsung	Pascakualifikasi	Satu File	Sistem Gugur	2016 - APBD	Rp 700.000.000,00	Rp 700.000.000,00	
1052296	Rekonstruksi Jalan Bernung - Ketol	Lelang sudah selesai	BADAN PENANGGULANGAN BENCANA DAERAH	Pekerjaan Konstruksi	e-Lelang Pemilihan Langsung	Pascakualifikasi	Satu File	Sistem Gugur	2016 - APBD	Rp 3.000.000.000,00	Rp 3.000.000.000,00	
1051296	Rekonstruksi Jalan Serempah - Berawang Gajah (Lanjutan)	Lelang sudah selesai	BADAN PENANGGULANGAN BENCANA DAERAH	Pekerjaan Konstruksi	e-Lelang Pemilihan Langsung	Pascakualifikasi	Satu File	Sistem Gugur	2016 - APBD	Rp 1.900.000.000,00	Rp 1.900.000.000,00	
1050296	Rekonstruksi Jalan Pantan Penyo - Bah	Lelang sudah selesai	BADAN PENANGGULANGAN BENCANA DAERAH	Pekerjaan Konstruksi	e-Lelang Pemilihan Langsung	Pascakualifikasi	Satu File	Sistem Gugur	2016 - APBD	Rp 1.750.000.000,00	Rp 1.750.000.000,00	
1049296	Pengawasan Rekonstruksi Jalan Atu Gajah - Wih Durin Asal	Lelang sudah selesai	BADAN PENANGGULANGAN BENCANA DAERAH	Jasa Konsultansi Badan Usaha	e-Seleksi Sederhana	Pascakualifikasi	Satu File	Pagu Anggaran	2016 - APBD	Rp 110.250.000,00	Rp 110.250.000,00	
1048296	Pengawasan Rekonstruksi Jalan Simpang Wih Nongkal - Wih Nongkal	Lelang sudah selesai	BADAN PENANGGULANGAN BENCANA DAERAH	Jasa Konsultansi Badan Usaha	e-Seleksi Sederhana	Pascakualifikasi	Satu File	Pagu Anggaran	2016 - APBD	Rp 66.000.000,00	Rp 66.000.000,00	
1047296	Pengawasan Rekonstruksi Jalan Jaluk - Tapak Moge	Lelang sudah selesai	BADAN PENANGGULANGAN BENCANA DAERAH	Jasa Konsultansi Badan Usaha	e-Seleksi Sederhana	Pascakualifikasi	Satu File	Pagu Anggaran	2016 - APBD	Rp 79.200.000,00	Rp 79.200.000,00	
1046296	Pengawasan Rekonstruksi Jalan Gelumpang Payung - Pondok Balik	Lelang sudah selesai	BADAN PENANGGULANGAN BENCANA DAERAH	Jasa Konsultansi Badan Usaha	e-Seleksi Sederhana	Pascakualifikasi	Satu File	Pagu Anggaran	2016 - APBD	Rp 95.100.000,00	Rp 95.100.000,00	
1045296	Pengawasan Rekonstruksi Jalan Bernung - Ketol	Lelang sudah selesai	BADAN PENANGGULANGAN BENCANA DAERAH	Jasa Konsultansi Badan Usaha	e-Seleksi Sederhana	Pascakualifikasi	Satu File	Pagu Anggaran	2016 - APBD	Rp 90.000.000,00	Rp 90.000.000,00	
1044296	Pengawasan Rekonstruksi Jalan Serempah - Berawang Gajah (Lanjutan)	Lelang sudah selesai	BADAN PENANGGULANGAN BENCANA DAERAH	Jasa Konsultansi Badan Usaha	e-Seleksi Sederhana	Pascakualifikasi	Satu File	Pagu Anggaran	2016 - APBD	Rp 57.000.000,00	Rp 57.000.000,00	
1043296	Pembangunan Rumah Pintar Islam	Lelang sudah selesai	DINAS SYARI'AT ISLAM	Pekerjaan Konstruksi	e-Lelang Pemilihan Langsung	Pascakualifikasi	Satu File	Sistem Gugur	2016 - APBD	Rp 408.000.000,00	Rp 408.000.000,00	
1041296	Pembangunan Ruang Kelas Belajar Dayah Maqamam Mahmudda (otsus) 112 M2	Lelang sudah selesai	KANTOR PEMBINAAN PENDIDIKAN DAYAH	Pekerjaan Konstruksi	e-Lelang Pemilihan Langsung	Pascakualifikasi	Satu File	Sistem Gugur	2016 - APBD	Rp 348.400.000,00	Rp 348.400.000,00	
1040296	Pembangunan Asrama Dayah Ar Rahman 72 M2 (OTSUS)	Lelang sudah selesai	KANTOR PEMBINAAN PENDIDIKAN DAYAH	Pekerjaan Konstruksi	e-Lelang Pemilihan Langsung	Pascakualifikasi	Satu File	Sistem Gugur	2016 - APBD	Rp 223.900.000,00	Rp 223.900.000,00	
1039296	Pembangunan Asrama Putri Dayah Darul Rahman 72 M2 (OTSUS)	Lelang sudah selesai	KANTOR PEMBINAAN PENDIDIKAN DAYAH	Pekerjaan Konstruksi	e-Lelang Pemilihan Langsung	Pascakualifikasi	Satu File	Sistem Gugur	2016 - APBD	Rp 223.900.000,00	Rp 223.900.000,00	
1036296	Pengadaan Dan Pemasangan Lampu Taman/Jalan 2 (Dua) Jalur (Dari Kantor Camat Bebesen - Terminal Paya Ilang)	Lelang sudah selesai	BADAN LINGKUNGAN HIDUP, KEBERSIHAN DAN PERTAMANAN KAB. ACEH TENGAH	Pekerjaan Konstruksi	e-Lelang Pemilihan Langsung	Pascakualifikasi	Satu File	Sistem Gugur	2016 - APBD	Rp 450.000.000,00	Rp 450.000.000,00	
1035296	Pengadaan Kuda Pejantan Australia	Lelang sudah selesai	DINAS PETERNAKAN DAN PERIKANAN KAB. ACEH TENGAH	Pengadaan Barang	e-Lelang Sederhana	Pascakualifikasi	Satu File	Sistem Gugur	2016 - APBD	Rp 1.000.000.000,00	Rp 1.000.000.000,00	
1034296	Rehabilitasi Gedung Olah Raga Gentala	Lelang sudah selesai	DINAS KEBUDAYAAN PARIWISATA PEMUDA DAN OLAH RAGA	Pekerjaan Konstruksi	e-Lelang Pemilihan Langsung	Pascakualifikasi	Satu File	Sistem Gugur	2016 - APBD	Rp 457.500.000,00	Rp 457.500.000,00	
1033296	Penimbunan Lapangan Bola Kaki SAHARA Kp. Ramung Ara Kec. Celala	Lelang sudah selesai	DINAS KEBUDAYAAN PARIWISATA PEMUDA DAN OLAH RAGA	Pekerjaan Konstruksi	e-Lelang Pemilihan Langsung	Pascakualifikasi	Satu File	Sistem Gugur	2016 - APBD	Rp 549.000.000,00	Rp 549.000.000,00	
1032296	Pengadaan Senyawa Penarik Hama Penggerek Buah Tanaman Kopi (Otsus)	Lelang sudah selesai	DINAS PERKEBUNAN DAN KEHUTANAN	Pengadaan Barang	e-Lelang Sederhana	Pascakualifikasi	Satu File	Sistem Gugur	2016 - APBD	Rp 1.140.000.000,00	Rp 1.134.710.400,00	
1031296	Pengadaan Bibit Kopi Arabika Unggul Lokal	Lelang sudah selesai	DINAS PERKEBUNAN DAN KEHUTANAN	Pengadaan Barang	e-Lelang Sederhana	Pascakualifikasi	Satu File	Sistem Gugur	2016 - APBD	Rp 1.050.000.000,00	Rp 1.050.000.000,00	
1030296	PEMBANGUNAN KANTOR PEMBINAAN PENDIDIKAN DAYAH	Lelang sudah selesai	DINAS CIPTA KARYA DAN PENGAIRAN	Pekerjaan Konstruksi	e-Lelang Pemilihan Langsung	Pascakualifikasi	Satu File	Sistem Gugur	2016 - APBD	Rp 700.000.000,00	Rp 700.000.000,00	
1029296	PENINGKATAN JALAN KP. PERSIAPAN GADING JAYA KEC. JAGONG JEGET	Lelang sudah selesai	DINAS CIPTA KARYA DAN PENGAIRAN	Pekerjaan Konstruksi	e-Lelang Pemilihan Langsung	Pascakualifikasi	Satu File	Sistem Gugur	2016 - APBD	Rp 250.000.000,00	Rp 250.000.000,00	
1028296	Pembangunan Poskesdes Kebet Kec. Bebesen (Otsus )	Lelang sudah selesai	DINAS KESEHATAN KAB. ACEH TENGAH	Pekerjaan Konstruksi	e-Lelang Pemilihan Langsung	Pascakualifikasi	Satu File	Sistem Gugur	2016 - APBD	Rp 291.000.000,00	Rp 291.000.000,00	
1027296	PEMBANGUNAN SARANA AIR BERSIH KAMPUNG BUKIT SARI KEC. JAGONG JEGET	Lelang sudah selesai	DINAS CIPTA KARYA DAN PENGAIRAN	Pekerjaan Konstruksi	e-Lelang Pemilihan Langsung	Pascakualifikasi	Satu File	Sistem Gugur	2016 - APBD	Rp 750.000.000,00	Rp 750.000.000,00	
1026296	PEMELIHARAAN JALAN LINGKUNGAN PUSKESMAS PEGASING	Lelang sudah selesai	DINAS CIPTA KARYA DAN PENGAIRAN	Pekerjaan Konstruksi	e-Lelang Pemilihan Langsung	Pascakualifikasi	Satu File	Sistem Gugur	2016 - APBD	Rp 355.000.000,00	Rp 355.000.000,00	
1025296	PEMELIHARAAN JALAN LINGKUNGAN KAMPUNG BEBESEN	Lelang sudah selesai	DINAS CIPTA KARYA DAN PENGAIRAN	Pekerjaan Konstruksi	e-Lelang Pemilihan Langsung	Pascakualifikasi	Satu File	Sistem Gugur	2016 - APBD	Rp 662.530.000,00	Rp 662.530.000,00	
1023296	PERLUASAN KANTOR CAMAT KECAMATAN BEBESEN	Lelang sudah selesai	DINAS CIPTA KARYA DAN PENGAIRAN	Pekerjaan Konstruksi	e-Lelang Pemilihan Langsung	Pascakualifikasi	Satu File	Sistem Gugur	2016 - APBD	Rp 300.000.000,00	Rp 300.000.000,00	
1022296	PEMBANGUNAN KANTOR DINAS PETERNAKAN DAN PERIKANAN	Lelang sudah selesai	DINAS CIPTA KARYA DAN PENGAIRAN	Pekerjaan Konstruksi	e-Lelang Pemilihan Langsung	Pascakualifikasi	Satu File	Sistem Gugur	2016 - APBD	Rp 800.000.000,00	Rp 800.000.000,00	
1020296	LANJUTAN PEMBANGUNAN TERMINAL BINTANG	Lelang sudah selesai	DISHUBKOMINFO	Pekerjaan Konstruksi	e-Lelang Pemilihan Langsung	Pascakualifikasi	Satu File	Sistem Gugur	2016 - APBD	Rp 780.000.000,00	Rp 777.777.000,00	
1019296	LANJUTAN PEMBANGUNAN GUDANG BONGKAR MUAT TERMINAL PAYA ILANG	Lelang sudah selesai	DISHUBKOMINFO	Pekerjaan Konstruksi	e-Lelang Umum	Pascakualifikasi	Satu File	Sistem Gugur	2016 - APBD	Rp 1.460.000.000,00	Rp 1.454.335.000,00	
1018296	Rehabilitasi Jaringan Irigasi D.I. Pepalang	Lelang sudah selesai	DINAS CIPTA KARYA DAN PENGAIRAN	Pekerjaan Konstruksi	e-Lelang Pemilihan Langsung	Pascakualifikasi	Satu File	Sistem Gugur	2016 - APBD	Rp 1.500.000.000,00	Rp 1.500.000.000,00	
1017296	PENINGKATAN JARINGAN IRIGASI D.I. LUKUP LUNGI	Lelang sudah selesai	DINAS CIPTA KARYA DAN PENGAIRAN	Pekerjaan Konstruksi	e-Lelang Pemilihan Langsung	Pascakualifikasi	Satu File	Sistem Gugur	2016 - APBD	Rp 500.000.000,00	Rp 500.000.000,00	
1016296	PENINGKATAN JARINGAN IRIGASI D.I. KARANG AMPAR	Lelang sudah selesai	DINAS CIPTA KARYA DAN PENGAIRAN	Pekerjaan Konstruksi	e-Lelang Pemilihan Langsung	Pascakualifikasi	Satu File	Sistem Gugur	2016 - APBD	Rp 800.000.000,00	Rp 800.000.000,00	
1015296	PENINGKATAN JARINGAN IRIGASI D.I. PAYA BEKE LAH	Lelang sudah selesai	DINAS CIPTA KARYA DAN PENGAIRAN	Pekerjaan Konstruksi	e-Lelang Pemilihan Langsung	Pascakualifikasi	Satu File	Sistem Gugur	2016 - APBD	Rp 400.000.000,00	Rp 400.000.000,00	
1014296	PENINGKATAN JARINGAN IRIGASI D.I. ARUL KUMER	Lelang sudah selesai	DINAS CIPTA KARYA DAN PENGAIRAN	Pekerjaan Konstruksi	e-Lelang Pemilihan Langsung	Pascakualifikasi	Satu File	Sistem Gugur	2016 - APBD	Rp 800.000.000,00	Rp 800.000.000,00	
1013296	PENINGKATAN JARINGAN IRIGASI D.I. WAQ	Lelang sudah selesai	DINAS CIPTA KARYA DAN PENGAIRAN	Pekerjaan Konstruksi	e-Lelang Pemilihan Langsung	Pascakualifikasi	Satu File	Sistem Gugur	2016 - APBD	Rp 1.000.000.000,00	Rp 1.000.000.000,00	
1012296	PENINGKATAN JARINGAN IRIGASI D.I. PEPANYUNGEN	Lelang sudah selesai	DINAS CIPTA KARYA DAN PENGAIRAN	Pekerjaan Konstruksi	e-Lelang Pemilihan Langsung	Pascakualifikasi	Satu File	Sistem Gugur	2016 - APBD	Rp 570.000.000,00	Rp 570.000.000,00	
1011296	PENINGKATAN JARINGAN IRIGASI D.I. PAYA BEKE	Lelang sudah selesai	DINAS CIPTA KARYA DAN PENGAIRAN	Pekerjaan Konstruksi	e-Lelang Pemilihan Langsung	Pascakualifikasi	Satu File	Sistem Gugur	2016 - APBD	Rp 1.000.000.000,00	Rp 1.000.000.000,00	
1010296	PENINGKATAN JARINGAN IRIGASI D.I. KERPAP	Lelang sudah selesai	DINAS CIPTA KARYA DAN PENGAIRAN	Pekerjaan Konstruksi	e-Lelang Pemilihan Langsung	Pascakualifikasi	Satu File	Sistem Gugur	2016 - APBD	Rp 700.000.000,00	Rp 700.000.000,00	
1009296	PENINGKATAN JARINGAN IRIGASI D.I. TEBUK	Lelang sudah selesai	DINAS CIPTA KARYA DAN PENGAIRAN	Pekerjaan Konstruksi	e-Lelang Pemilihan Langsung	Pascakualifikasi	Satu File	Sistem Gugur	2016 - APBD	Rp 300.000.000,00	Rp 300.000.000,00	
1008296	PENINGKATAN JARINGAN IRIGASI D.I. BERAWANG GADING	Lelang sudah selesai	DINAS CIPTA KARYA DAN PENGAIRAN	Pekerjaan Konstruksi	e-Lelang Pemilihan Langsung	Pascakualifikasi	Satu File	Sistem Gugur	2016 - APBD	Rp 1.000.000.000,00	Rp 1.000.000.000,00	
1007296	RPENINGKATAN JARINGAN IRIGASI D.I. LUANG	Lelang sudah selesai	DINAS CIPTA KARYA DAN PENGAIRAN	Pekerjaan Konstruksi	e-Lelang Pemilihan Langsung	Pascakualifikasi	Satu File	Sistem Gugur	2016 - APBD	Rp 800.000.000,00	Rp 800.000.000,00	
1006296	PENINGKATAN JARINGAN IRIGASI D.I LUMUT	Lelang sudah selesai	DINAS CIPTA KARYA DAN PENGAIRAN	Pekerjaan Konstruksi	e-Lelang Pemilihan Langsung	Pascakualifikasi	Satu File	Sistem Gugur	2016 - APBD	Rp 600.000.000,00	Rp 600.000.000,00	
1005296	PENINGKATAN JARINGAN IRIGASI D.I. DEDAMAR	Lelang sudah selesai	DINAS CIPTA KARYA DAN PENGAIRAN	Pekerjaan Konstruksi	e-Lelang Pemilihan Langsung	Pascakualifikasi	Satu File	Sistem Gugur	2016 - APBD	Rp 500.000.000,00	Rp 500.000.000,00	
1004296	RPENINGKATAN JARINGAN IRIGASI D.I. RAWE AYANGAN	Lelang sudah selesai	DINAS CIPTA KARYA DAN PENGAIRAN	Pekerjaan Konstruksi	e-Lelang Pemilihan Langsung	Pascakualifikasi	Satu File	Sistem Gugur	2016 - APBD	Rp 400.000.000,00	Rp 400.000.000,00	
1003296	PENINGKATAN JARINGAN IRIGASI D.I BERWANG KENIL	Lelang sudah selesai	DINAS CIPTA KARYA DAN PENGAIRAN	Pekerjaan Konstruksi	e-Lelang Pemilihan Langsung	Pascakualifikasi	Satu File	Sistem Gugur	2016 - APBD	Rp 1.000.000.000,00	Rp 1.000.000.000,00	
1002296	PENINGKATAN JARINGAN IRIGASI D.I. PEPALANG	Lelang sudah selesai	DINAS CIPTA KARYA DAN PENGAIRAN	Pekerjaan Konstruksi	e-Lelang Pemilihan Langsung	Pascakualifikasi	Satu File	Sistem Gugur	2016 - APBD	Rp 1.500.000.000,00	Rp 1.500.000.000,00	
1001296	PENINGKATAN JARINGAN IRIGASI D.I. KALA MAMPAK	Lelang sudah selesai	DINAS CIPTA KARYA DAN PENGAIRAN	Pekerjaan Konstruksi	e-Lelang Pemilihan Langsung	Pascakualifikasi	Satu File	Sistem Gugur	2016 - APBD	Rp 1.160.000.000,00	Rp 1.160.000.000,00	
1000296	REHABILITASI JARINGAN IRIGASI D.I. KUYUN PAYA DEDEP	Lelang sudah selesai	DINAS CIPTA KARYA DAN PENGAIRAN	Pekerjaan Konstruksi	e-Lelang Pemilihan Langsung	Pascakualifikasi	Satu File	Sistem Gugur	2016 - APBD	Rp 600.000.000,00	Rp 600.000.000,00	
999296	REHABILITASI JARINGAN IRIGASI D.I. RUTIH	Lelang sudah selesai	DINAS CIPTA KARYA DAN PENGAIRAN	Pekerjaan Konstruksi	e-Lelang Pemilihan Langsung	Pascakualifikasi	Satu File	Sistem Gugur	2016 - APBD	Rp 300.000.000,00	Rp 300.000.000,00	
998296	REHABILITASI JARINGAN IRIGASI D.I. SEMELIT	Lelang sudah selesai	DINAS CIPTA KARYA DAN PENGAIRAN	Pekerjaan Konstruksi	e-Lelang Pemilihan Langsung	Pascakualifikasi	Satu File	Sistem Gugur	2016 - APBD	Rp 400.000.000,00	Rp 400.000.000,00	
997296	REHABILITASI JARINGAN IRIGASI D.I. WEIH NI DUREN	Lelang sudah selesai	DINAS CIPTA KARYA DAN PENGAIRAN	Pekerjaan Konstruksi	e-Lelang Pemilihan Langsung	Pascakualifikasi	Satu File	Sistem Gugur	2016 - APBD	Rp 300.000.000,00	Rp 300.000.000,00	
996296	REHABILITASI JARINGAN IRIGASI D.I. SERULE	Lelang sudah selesai	DINAS CIPTA KARYA DAN PENGAIRAN	Pekerjaan Konstruksi	e-Lelang Pemilihan Langsung	Pascakualifikasi	Satu File	Sistem Gugur	2016 - APBD	Rp 300.000.000,00	Rp 300.000.000,00	
995296	REHABILITASI JARINGAN IRIGASI D.I. LELUMU	Lelang sudah selesai	DINAS CIPTA KARYA DAN PENGAIRAN	Pekerjaan Konstruksi	e-Lelang Pemilihan Langsung	Pascakualifikasi	Satu File	Sistem Gugur	2016 - APBD	Rp 300.000.000,00	Rp 300.000.000,00	
994296	REHABILITASI JARINGAN IRIGASI D.I. KALANG	Lelang sudah selesai	DINAS CIPTA KARYA DAN PENGAIRAN	Pekerjaan Konstruksi	e-Lelang Pemilihan Langsung	Pascakualifikasi	Satu File	Sistem Gugur	2016 - APBD	Rp 300.000.000,00	Rp 300.000.000,00	
993296	REHABILITASI JARINGAN IRIGASI D.I. ASIR - ASIR	Lelang sudah selesai	DINAS CIPTA KARYA DAN PENGAIRAN	Pekerjaan Konstruksi	e-Lelang Pemilihan Langsung	Pascakualifikasi	Satu File	Sistem Gugur	2016 - APBD	Rp 400.000.000,00	Rp 400.000.000,00	
992296	REHABILITASI JARINGAN IRIGASI D.I. TEBES LUWES KUYUN	Lelang sudah selesai	DINAS CIPTA KARYA DAN PENGAIRAN	Pekerjaan Konstruksi	e-Lelang Pemilihan Langsung	Pascakualifikasi	Satu File	Sistem Gugur	2016 - APBD	Rp 350.000.000,00	Rp 350.000.000,00	
